Workbook

Sheet RESUMO_CONDIÇÃO ESPECIAL
C3: Proposta Sabesp
A4: Projetos | C4: Mês de realização | D4: Cota | E4: Valor Tabela | F4: Valor negociado Bruto | G4: Valor negociado líquido
A5: PATROCÍNIO | B5: Curso de Jornalismo do Globo | C5: Agosto | D5: Apoio | E5: ='Curso de Jornalismo_Globo'!T26 -> 3654664 | F5: 330000 | G5: ='Curso de Jornalismo_Globo'!T30 -> 264000
B6: Curso Valor de Jornalismo Econômico | C6: Outubro e Novembro | D6: Apoio | E6: =SUM('Curso de Jornalismo_Valor'!N9:N23) -> 2269730.4 | F6: 330000 | G6: {='Curso de Jornalismo_Valor'!P28:Q28} -> 264000.19 | H6: 0
A7: PATROCÍNIO | B7: Semana temática | Inteligência Artificial | C7: Abril** | D7: Apoio | E7: ='Curso Jornada IA'!P18 -> 933461.8 | F7: 187501 | G7: ='Curso Jornada IA'!P21 -> 150000.48
B8: Semana temática | Infraestrutura e Cidades | C8: Agosto** | D8: Apoio | E8: ='Curso Jornada Infraestrutura'!P18 -> 933461.8 | F8: 187501 | G8: ='Curso Jornada Infraestrutura'!P21 -> 150000.48
B9: TOTAL BRUTO | F9: =SUM(F5:F8) -> 1035002
B10: TOTAL LÍQUIDO | G10: =SUM(G5:G8) -> 828001.16
B11: TOTAL BRUTO (negociação especial para o pacote dos 2 cursos + participação na Jornada IA e Infraestrutura e Cidades) | F11: 562611.25
B12: TOTAL LÍQUIDO (negociação especial para o pacote dos 2 cursos + participação na Jornada IA e Infraestrutura e Cidades) | G12: 450089

Sheet Curso de Jornalismo_Globo
B2: PROJETO CURSO DE JORNALISMO DO GLOBO 2026 - COTA APOIO
B4: PROJETO | ENTREGA | D4: MARCA | F4: PLATAFORMA | H4: CADERNO / EDITORIA | J4: FORMATO | K4: FEV | L4: MAR | M4: ABR | N4: MAI | O4: TOTAL INSERÇÕES | P4: VALOR UNITÁRO / CPM | Q4: VALOR TOTAL TABELA | R4: NEGOCIAÇÃO | S4: VALOR UNITÁRIO / CPM NEGOCIADO | T4: VALOR TOTAL NEGOCIADO
B6: DIVULGAÇÃO | D6: O GLOBO | F6: PRINT + VERSÃO DIGITAL DO JORNAL | H6: NACIONAL | J6: LOGO NO RODAPÉ DA MATÉRIA EDITORIAL | K6: 1 | L6: 0 | M6: 1 | N6: 0 | O6: =SUM(K6:N6) -> 2 | P6: =2595*1*3 -> 7785 | Q6: =P6*O6 -> 15570 | R6: 1 | S6: =P6*(1-R6) -> 0 | T6: =Q6*(1-R6) -> 0
J8: LOGO NO MATERIAL DE DIVULGAÇÃO DO CURSO | K8: 9 | L8: 0 | M8: 1 | N8: 0 | O8: =SUM(K8:N8) -> 10 | P8: =2595*4*3 -> 31140 | Q8: =P8*O8 -> 311400 | R8: 1 | S8: =P8*(1-R8) -> 0 | T8: =Q8*(1-R8) -> 0
F10: REDES SOCIAIS | H10: FACEBOOK | J10: LOGO NO CARD POST | K10: 2 | L10: 0 | M10: 1 | N10: 0 | O10: =SUM(K10:N10) -> 3 | P10: =72360*1.08 -> 78148.8 | Q10: =P10*O10 -> 234446.4 | R10: 1 | S10: =P10*(1-R10) -> 0 | T10: =Q10*(1-R10) -> 0
H12: LINKEDIN | J12: LOGO NO CARD POST | K12: 2 | L12: 0 | M12: 1 | N12: 0 | O12: =SUM(K12:N12) -> 3 | P12: =90333.63*1.08 -> 97560.32 | Q12: =P12*O12 -> 292680.96 | R12: 1 | S12: =P12*(1-R12) -> 0 | T12: =Q12*(1-R12) -> 0
H14: INSTAGRAM | J14: LOGO NO CARD POST | K14: 2 | L14: 0 | M14: 1 | N14: 0 | O14: =SUM(K14:N14) -> 3 | P14: =34619*1.08 -> 37388.52 | Q14: =P14*O14 -> 112165.56 | R14: 1 | S14: =P14*(1-R14) -> 0 | T14: =Q14*(1-R14) -> 0
F16: SITE | H16: DIÁRIA HOME DESK+ MOBILE | J16: BILLBOARD + FULLBANNER OU RETÂNGULO | K16: 1 | L16: 0 | M16: 1 | N16: 0 | O16: =SUM(K16:N16) -> 2 | P16: 90788.04 | Q16: =P16*O16 -> 181576.08 | R16: 1 | S16: =P16*(1-R16) -> 0 | T16: =Q16*(1-R16) -> 0
D18: ED GLOBO | F18: SITE | H18: CLUSTER ROS DESK+ MOBILE | J18: SUPER BANNER E RETÂNGULO | K18: 1500000 | L18: 0 | M18: 1500000 | N18: 0 | O18: =SUM(K18:N18) -> 3000000 | P18: 258.43 | Q18: =P18*O18/1000 -> 775290 | R18: 1 | S18: =P18*(1-R18) -> 0 | T18: =Q18*(1-R18) -> 0
H19: X
B20: CURSO | D20: O GLOBO | F20: CURSO PRESENCIAL | H20: - | J20: - LOGO NOS MATERIAIS (CAMISAS, MOCHILAS, ETC), SITE DO CURSO E NA CENOGRAFIA DA SALA DE AULA - 1 AÇÃO COM OS PARTICIPANTES (VISITA À EMPRESA OU EMPRESA DIALOGA)¹ | K20: 0 | L20: 0 | M20: 1 | N20: 1 | O20: 1 | P20: - | Q20: 80000 | R20: - | S20: - | T20: =Q20 -> 80000
B22: BRANDED CONTENT² | D22: O GLOBO | F22: IMPRESSO | H22: - | J22: PÁGINA DE BRANDED CONTENT (6COLX52CM) PARA REVERBERAR AS AÇÕES DA MARCA JUNTO AO CURSO | K22: 0 | L22: 0 | M22: 0 | N22: 1 | O22: =SUM(K22:N22) -> 1 | P22: =6*52*2965*1.3 -> 1202604 | Q22: =P22*O22 -> 1202604 | R22: 0.84315529 | S22: =P22*(1-R22) -> 188622.08 | T22: =Q22*(1-R22) -> 188622.08
F24: DIGITAL | H24: - | J24: ADAPTAÇÃO DO CONTEÚDO DO BRANDED IMPRESSO PARA O AMBIENTE DIGITAL+ PACOTE STANDARD (ENVELOPAMENTO + 01 POST NO FACEBOOK + 1 CHAMADA ROS + MÍDIA NATIVE) | K24: 0 | L24: 0 | M24: 0 | N24: 1 | O24: =SUM(K24:N24) -> 1 | P24: =448931 -> 448931 | Q24: =P24*O24 -> 448931 | R24: 0.86327983 | S24: =P24*(1-R24) -> 61377.923 | T24: =Q24*(1-R24) -> 61377.923
R26: TOTAL TABELA | T26: =SUM(Q6:Q24) -> 3654664
R27: % DESC. | T27: =1-(T28/T26) -> 0.90970442
R28: TOTAL NEGOCIADO BRUTO | T28: =SUM(T6:T24) -> 330000
R30: TOTAL NEGOCIADO LÍQUIDO | T30: =T28*0.8 -> 264000
R31: Tabela 2025
R32: Condições comerciais exclusivas do projeto.
R33: ¹ EMPRESAS LOCALIZADAS FORA DA CIDADE DO RIO DE JANEIRO OU OUTROS MODELOS DE AÇÕES PODEM GERAR CUSTO EXTRA.
R34: ² O SALDO DE BRANDED CONTENT DEVERÁ SER UTILIZADO DURANTE O PERÍODO DO PROJETO.

Sheet Curso de Jornalismo_Valor
B2: CURSO VALOR DE JORNALISMO ECONÔMICO :: 2026
B4: AÇÃO | D4: TÍTULO | F4: PLATAFORMA | H4: PERÍODO | I4: INSERÇÕES | K4: FORMATO | L4: MÉDIA DE IMPACTOS | M4: VALOR UNITÁRO | N4: VALOR TOTAL TABELA | O4: NEGOCIAÇÃO | P4: VALOR TOTAL NEGOCIADO BRUTO | Q4: VALOR TOTAL NEGOCIADO LÍQUIDO
H5: MÊS
B7: PATROCÍNIO APOIO (Limite de 5 patrocinadores) | D7: VALOR ECONÔMICO :: :: VALOR INVESTE :: :: PIPELINE :: | F7: IMPRESSO E DIGITAL | H7: - | I7: 1 | K7: PATROCÍNIO DE UM CONTEÚDO DO PROJETO A SER DESENVOLVIDO EM PARCERIA COM A EDITORA GLOBO. AO FINAL DO CURSO, OS ALUNOS QUE ESTARÃO DIVIDIDOS EM GRUPOS, TRABALHARÃO EM ENTREGÁVEIS QUE SERÃO DEFINIDOS PELA REDAÇÃO. PODE SER UM CONTEÚDO, UM ESPECIAL, UMA FERRAMENTA DIGITAL E\OU PROTÓTIPO QUE JÁ NASCE COM PATROCÍNIO DE UM DOS COTISTAS | L7: 137000 | M7: =6*52*1584*1.3 -> 642470.4 | N7: =M7*I7 -> 642470.4 | O7: 1 | P7: BONIFICADO | Q7: BONIFICADO
F9: JORNAL | H9: - | I9: 6 | K9: LOGOMARCA NOS ANÚNCIOS DE MEIA PÁGINA COM A DIVULGAÇÃO DO CURSO | L9: =287000*I9 -> 1722000 | M9: =6*26*1882*0.3 -> 88077.6 | N9: =M9*I9 -> 528465.6 | O9: 0.807138 | P9: =N9*(1-O9) -> 101920.93 | Q9: =P9*0.8 -> 81536.746
H10: 1 | I10: 1 | K10: 1 PÁGINA DE BRANDED CONTENT ( 6 COL X 52 ALT) PARA REVERBERAR AS AÇÕES JUNTO AO CURSO | L10: =287000*I10 -> 287000 | M10: =1882*6*52*1.3 -> 763339.2 | N10: =M10*I10 -> 763339.2 | O10: 0.807138 | P10: =N10*(1-O10) -> 147219.12 | Q10: =P10*0.8 -> 117775.3
F13: SITE | H13: 1 | I13: 1 | K13: 1 CONTEÚDO EM BRANDED CONTENT NO AMBIENTE DIGITAL (adaptação do conteúdo impresso) :: PACOTE STANDARD ENVELOPAMENTO (BANNERS) + 01 POST NO FACEBOOK + 1 CHAMADA ROS + MÍDIA NATIVE (P/ O BRANDED CONTENT) ESTIMATIVA DE 6 MIL PAGEVIEWS POR CONTEÚDO | L13: =500000*I13 -> 500000 | M13: =495421*1.1 -> 544963.1 | N13: =M13*I13 -> 544963.1 | O13: 1 | P13: BONIFICADO | Q13: BONIFICADO
H14: 1 | I14: 1500000 | K14: LOGOMARCA NOS BANNERS DE DIVULGAÇÃO DO CURSO (SUPER BANNER E RETÂNGULO) | L14: =I14 -> 1500000 | M14: =332.73*0.3*1.1 -> 109.8009 | N14: =M14*I14/1000 -> 164701.35 | O14: 0.82 | P14: =N14*(1-O14) -> 29646.243 | Q14: =P14*0.8 -> 23716.994
F16: REDES SOCIAIS | H16: 1 | I16: 3 | K16: LOGOMARCA NOS POSTS DE DIVULGAÇÃO DO CURSO NO INSTAGRAM | L16: =3200*I16 -> 9600 | M16: =32659.2*1.1*0.3 -> 10777.536 | N16: =M16*I16 -> 32332.608 | O16: 0.9 | P16: =N16*(1-O16) -> 3233.2608 | Q16: =P16*0.8 -> 2586.6086
H17: 1 | I17: 3 | K17: LOGOMARCA NOS POSTS DE DIVULGAÇÃO DO CURSO NO FACEBOOK | L17: =2500*I17 -> 7500 | M17: =52488*1.1*0.3 -> 17321.04 | N17: =M17*I17 -> 51963.12 | O17: 0.9 | P17: =N17*(1-O17) -> 5196.312 | Q17: =P17*0.8 -> 4157.0496
H18: 1 | I18: 3 | K18: LOGOMARCA NOS POSTS DE DIVULGAÇÃO DO CURSO NO LINKEDIN | L18: =3500*I18 -> 10500 | M18: =69296*1.1*0.3 -> 22867.68 | N18: =M18*I18 -> 68603.04 | O18: 0.9 | P18: =N18*(1-O18) -> 6860.304 | Q18: =P18*0.8 -> 5488.2432
H19: 1 | I19: 3 | K19: LOGOMARCA NOS POSTS DE DIVULGAÇÃO DO CURSO NO X | L19: =2000*I19 -> 6000 | M19: =73911*1.1*0.3 -> 24390.63 | N19: =M19*I19 -> 73171.89 | O19: 0.9 | P19: =N19*(1-O19) -> 7317.189 | Q19: =P19*0.8 -> 5853.7512
F21: EXPERIÊNCIA NO CURSO | H21: 6 | I21: 1 | K21: 25 ASSINATURAS DIGITAIS DO VALOR ECONÔMICO - O PATROCINADOR PODE OFERECER AS ASSINATURAS AOS 25 ESTUDANTES, OU ATÉ MESMO PRESENTEAR SEUS CLIENTES, PARCEIROS E COLABORADORES, EM CELEBRAÇÃO AOS 25 ANOS DO VALOR ECONÔMICO. | L21: 25 | M21: =64.9*1.1 -> 71.39 | N21: =M21*L21*H21 -> 10708.5 | O21: =1-(P21/N21) -> 0.61671803 | P21: =3731.25*1.1 -> 4104.375 | Q21: =P21*0.8 -> 3283.5
H22: 1 | I22: 1 | K22: 1 AÇÃO COM OS ALUNOS ( EMPRESA DIALOGA COM ALUNOS OU ALUNOS VISITAM SUA EMPRESA) | L22: - | M22: =17820*1.1 -> 19602 | N22: =M22*I22 -> 19602 | O22: - | P22: =Q22*1.25 -> 24502.5 | Q22: =N22 -> 19602
H23: 1 | I23: 1 | K23: LOGO DA MARCA APLICADA NOS MATERIAIS E SITE DO CURSO (TELA DO NOTEBOOK E MATERIAL PROMOCIONAL - CAMISETAS E MOCHILAS) E LOGO NA COMUNICAÇÃO E CENOGRAFIA DA SALA DE AULA | L23: - | M23: =10800*1.1 -> 11880 | N23: =M23 -> 11880 | O23: - | P23: BONIFICADO | Q23: BONIFICADO
M24: TOTAL TABELA | P24: =SUM(N9:N23) -> 2269730.4
M25: % DESC. | P25: =1-(P26/P24) -> 0.85460818
M26: TOTAL NEGOCIADO BRUTO | P26: =SUM(P7:P23) -> 330000.24
M28: TOTAL NEGOCIADO LÍQUIDO | P28: =SUM(Q7:Q23) -> 264000.19
M30: MÉDIA DE IMPACTOS | P30: =SUM(L7:L23) -> 4179625
M32: TABELA 2026

Sheet Curso Jornada IA
B2: CURSO TEMÁTICO | VALOR ECONÔMICO 2026 | JORNADA IA
B4: AÇÃO | D4: TÍTULO | F4: PLATAFORMA | H4: PERÍODO | I4: INSERÇÕES | K4: FORMATO | L4: MÉDIA DE IMPACTOS | M4: VALOR UNITÁRO | N4: VALOR TOTAL TABELA | O4: NEGOCIAÇÃO | P4: VALOR TOTAL NEGOCIADO
H5: MÊS
B7: PATROCÍNIO APOIO | D7: VALOR ECONÔMICO :: :: GLOBO RURAL | F7: JORNAL | H7: - | I7: 6 | K7: LOGOMARCA NOS ANÚNCIOS DE MEIA PÁGINA COM A DIVULGAÇÃO DO CURSO | L7: =287000*I7 -> 1722000 | M7: =6*26*1711*0.3*1.08 -> 86480.784 | N7: =M7*I7 -> 518884.7 | O7: 0.826502 | P7: =N7*(1-O7) -> 90025.458
F9: DIGITAL | H9: 1 | I9: 1500000 | K9: LOGOMARCA NOS BANNERS DE DIVULGAÇÃO DO CURSO (SUPER BANNER E RETÂNGULO) | L9: =I9 -> 1500000 | M9: =332.73*0.3*1.08 -> 107.80452 | N9: =M9*I9/1000 -> 161706.78 | O9: 0.826502 | P9: =N9*(1-O9) -> 28055.803
F11: REDES SOCIAIS | H11: 1 | I11: 3 | K11: LOGOMARCA NOS POSTS DE DIVULGAÇÃO DO CURSO NO INSTAGRAM | L11: =3200*I11 -> 9600 | M11: =30240*1.08*0.3*1.08 -> 10581.581 | N11: =M11*I11 -> 31744.742 | O11: 0.826502 | P11: =N11*(1-O11) -> 5507.6493
H12: 1 | I12: 3 | K12: LOGOMARCA NOS POSTS DE DIVULGAÇÃO DO CURSO NO FACEBOOK | L12: =2500*I12 -> 7500 | M12: =48600*1.08*0.3*1.08 -> 17006.112 | N12: =M12*I12 -> 51018.336 | O12: 0.826502 | P12: =N12*(1-O12) -> 8851.5793
H13: 1 | I13: 3 | K13: LOGOMARCA NOS POSTS DE DIVULGAÇÃO DO CURSO NO LINKEDIN | L13: =3500*I13 -> 10500 | M13: =64163*1.08*0.3*1.08 -> 22451.917 | N13: =M13*I13 -> 67355.751 | O13: 0.826502 | P13: =N13*(1-O13) -> 11686.088
H14: 1 | I14: 3 | K14: LOGOMARCA NOS POSTS DE DIVULGAÇÃO DO CURSO NO X | L14: =2000*I14 -> 6000 | M14: =68436.49*1.08*0.3*1.08 -> 23947.297 | N14: =M14*I14 -> 71841.89 | O14: 0.826502 | P14: =N14*(1-O14) -> 12464.424
F16: EXPERIÊNCIA | H16: 1 | I16: 1 | K16: 1 AÇÃO COM OS ALUNOS ( EMPRESA DIALOGA COM ALUNOS OU ALUNOS VISITAM SUA EMPRESA) | L16: - | M16: =16500*1.08*1.08 -> 19245.6 | N16: =M16*I16 -> 19245.6 | O16: - | P16: =N16 -> 19245.6
H17: 1 | I17: 1 | K17: LOGO DA MARCA APLICADA NOS MATERIAIS E SITE DO CURSO (CANECA, BLOQUINHO E CANETA) E LOGO NA COMUNICAÇÃO E CENOGRAFIA DA SALA DE AULA | L17: - | M17: =10000*1.08*1.08 -> 11664 | N17: =M17 -> 11664 | O17: - | P17: =N17 -> 11664
M18: TOTAL TABELA | P18: =SUM(N7:N17) -> 933461.8
M19: % DESC. | P19: 1
M20: TOTAL NEGOCIADO BRUTO | P20: =SUM(P7:P17) -> 187500.6
M21: TOTAL NEGOCIADO LÍQUIDO | P21: =P20*0.8 -> 150000.48
M22: TOTAL NEGOCIADO LÍQUIDO | P22: =SUM(#REF!) -> #REF!
M24: MÉDIA DE IMPACTOS | P24: =SUM(L7:L17) -> 3255600

Sheet Curso Jornada Infraestrutura
B2: CURSO TEMÁTICO | VALOR ECONÔMICO 2026 | JORNADA INFRAESTRUTURA E CIDADES
B4: AÇÃO | D4: TÍTULO | F4: PLATAFORMA | H4: PERÍODO | I4: INSERÇÕES | K4: FORMATO | L4: MÉDIA DE IMPACTOS | M4: VALOR UNITÁRO | N4: VALOR TOTAL TABELA | O4: NEGOCIAÇÃO | P4: VALOR TOTAL NEGOCIADO
H5: MÊS
B7: PATROCÍNIO APOIO | D7: VALOR ECONÔMICO :: :: GLOBO RURAL | F7: JORNAL | H7: - | I7: 6 | K7: LOGOMARCA NOS ANÚNCIOS DE MEIA PÁGINA COM A DIVULGAÇÃO DO CURSO | L7: =287000*I7 -> 1722000 | M7: =6*26*1711*0.3*1.08 -> 86480.784 | N7: =M7*I7 -> 518884.7 | O7: 0.826502 | P7: =N7*(1-O7) -> 90025.458
F9: DIGITAL | H9: 1 | I9: 1500000 | K9: LOGOMARCA NOS BANNERS DE DIVULGAÇÃO DO CURSO (SUPER BANNER E RETÂNGULO) | L9: =I9 -> 1500000 | M9: =332.73*0.3*1.08 -> 107.80452 | N9: =M9*I9/1000 -> 161706.78 | O9: 0.826502 | P9: =N9*(1-O9) -> 28055.803
F11: REDES SOCIAIS | H11: 1 | I11: 3 | K11: LOGOMARCA NOS POSTS DE DIVULGAÇÃO DO CURSO NO INSTAGRAM | L11: =3200*I11 -> 9600 | M11: =30240*1.08*0.3*1.08 -> 10581.581 | N11: =M11*I11 -> 31744.742 | O11: 0.826502 | P11: =N11*(1-O11) -> 5507.6493
H12: 1 | I12: 3 | K12: LOGOMARCA NOS POSTS DE DIVULGAÇÃO DO CURSO NO FACEBOOK | L12: =2500*I12 -> 7500 | M12: =48600*1.08*0.3*1.08 -> 17006.112 | N12: =M12*I12 -> 51018.336 | O12: 0.826502 | P12: =N12*(1-O12) -> 8851.5793
H13: 1 | I13: 3 | K13: LOGOMARCA NOS POSTS DE DIVULGAÇÃO DO CURSO NO LINKEDIN | L13: =3500*I13 -> 10500 | M13: =64163*1.08*0.3*1.08 -> 22451.917 | N13: =M13*I13 -> 67355.751 | O13: 0.826502 | P13: =N13*(1-O13) -> 11686.088
H14: 1 | I14: 3 | K14: LOGOMARCA NOS POSTS DE DIVULGAÇÃO DO CURSO NO X | L14: =2000*I14 -> 6000 | M14: =68436.49*1.08*0.3*1.08 -> 23947.297 | N14: =M14*I14 -> 71841.89 | O14: 0.826502 | P14: =N14*(1-O14) -> 12464.424
F16: EXPERIÊNCIA | H16: 1 | I16: 1 | K16: 1 AÇÃO COM OS ALUNOS ( EMPRESA DIALOGA COM ALUNOS OU ALUNOS VISITAM SUA EMPRESA) | L16: - | M16: =16500*1.08*1.08 -> 19245.6 | N16: =M16*I16 -> 19245.6 | O16: - | P16: =N16 -> 19245.6
H17: 1 | I17: 1 | K17: LOGO DA MARCA APLICADA NOS MATERIAIS E SITE DO CURSO (CANECA, BLOQUINHO E CANETA) E LOGO NA COMUNICAÇÃO E CENOGRAFIA DA SALA DE AULA | L17: - | M17: =10000*1.08*1.08 -> 11664 | N17: =M17 -> 11664 | O17: - | P17: =N17 -> 11664
M18: TOTAL TABELA | P18: =SUM(N7:N17) -> 933461.8
M19: % DESC. | P19: 1
M20: TOTAL NEGOCIADO BRUTO | P20: =SUM(P7:P17) -> 187500.6
M21: TOTAL NEGOCIADO LÍQUIDO | P21: =P20*0.8 -> 150000.48
M22: TOTAL NEGOCIADO LÍQUIDO | P22: =SUM(#REF!) -> #REF!
M24: MÉDIA DE IMPACTOS | P24: =SUM(L7:L17) -> 3255600

Sheet Planilha1
